{
  "lightcones": [
    {
      "level": 80,
      "item_id": 23000,
      "equip_avatar": 0,
      "rank": 1,
      "promotion": 6,
      "internal_uid": 0
    },
    {
      "level": 80,
      "item_id": 23040,
      "equip_avatar": 0,
      "rank": 1,
      "promotion": 6,
      "internal_uid": 1
    },
    {
      "level": 80,
      "item_id": 23001,
      "equip_avatar": 0,
      "rank": 1,
      "promotion": 6,
      "internal_uid": 2
    },
    {
      "level": 80,
      "item_id": 23040,
      "equip_avatar": 1407,
      "rank": 1,
      "promotion": 6,
      "internal_uid": 3
    },
    {
      "level": 80,
      "item_id": 23038,
      "equip_avatar": 1403,
      "rank": 1,
      "promotion": 6,
      "internal_uid": 4
    },
    {
      "level": 80,
      "item_id": 23032,
      "equip_avatar": 1222,
      "rank": 1,
      "promotion": 6,
      "internal_uid": 5
    },
    {
      "level": 80,
      "item_id": 23034,
      "equip_avatar": 1313,
      "rank": 1,
      "promotion": 6,
      "internal_uid": 6
    }
  ],
  "relics": [
    {
      "level": 15,
      "relic_id": 61241,
      "relic_set_id": 124,
      "main_affix_id": 1,
      "sub_affixes": [
        {
          "sub_affix_id": 5,
          "count": 2,
          "step": 4
        },
        {
          "sub_affix_id": 8,
          "count": 2,
          "step": 2
        },
        {
          "sub_affix_id": 9,
          "count": 2,
          "step": 0
        },
        {
          "sub_affix_id": 12,
          "count": 3,
          "step": 0
        }
      ],
      "internal_uid": 0,
      "equip_avatar": 0
    },
    {
      "level": 15,
      "relic_id": 61241,
      "relic_set_id": 124,
      "main_affix_id": 1,
      "sub_affixes": [
        {
          "sub_affix_id": 5,
          "count": 2,
          "step": 4
        },
        {
          "sub_affix_id": 8,
          "count": 2,
          "step": 2
        },
        {
          "sub_affix_id": 9,
          "count": 2,
          "step": 0
        },
        {
          "sub_affix_id": 12,
          "count": 3,
          "step": 0
        }
      ],
      "internal_uid": 1,
      "equip_avatar": 1407
    },
    {
      "level": 15,
      "relic_id": 61242,
      "relic_set_id": 124,
      "main_affix_id": 1,
      "sub_affixes": [
        {
          "sub_affix_id": 5,
          "count": 2,
          "step": 4
        },
        {
          "sub_affix_id": 8,
          "count": 2,
          "step": 2
        },
        {
          "sub_affix_id": 9,
          "count": 2,
          "step": 4
        },
        {
          "sub_affix_id": 12,
          "count": 3,
          "step": 6
        }
      ],
      "internal_uid": 2,
      "equip_avatar": 0
    },
    {
      "level": 15,
      "relic_id": 61242,
      "relic_set_id": 124,
      "main_affix_id": 1,
      "sub_affixes": [
        {
          "sub_affix_id": 5,
          "count": 2,
          "step": 4
        },
        {
          "sub_affix_id": 8,
          "count": 2,
          "step": 2
        },
        {
          "sub_affix_id": 9,
          "count": 2,
          "step": 4
        },
        {
          "sub_affix_id": 12,
          "count": 3,
          "step": 6
        }
      ],
      "internal_uid": 3,
      "equip_avatar": 1407
    },
    {
      "level": 15,
      "relic_id": 61243,
      "relic_set_id": 124,
      "main_affix_id": 4,
      "sub_affixes": [
        {
          "sub_affix_id": 1,
          "count": 1,
          "step": 1
        },
        {
          "sub_affix_id": 7,
          "count": 2,
          "step": 4
        },
        {
          "sub_affix_id": 9,
          "count": 3,
          "step": 6
        },
        {
          "sub_affix_id": 12,
          "count": 3,
          "step": 0
        }
      ],
      "internal_uid": 4,
      "equip_avatar": 1407
    },
    {
      "level": 15,
      "relic_id": 61244,
      "relic_set_id": 124,
      "main_affix_id": 2,
      "sub_affixes": [
        {
          "sub_affix_id": 7,
          "count": 2,
          "step": 4
        },
        {
          "sub_affix_id": 8,
          "count": 1,
          "step": 1
        },
        {
          "sub_affix_id": 9,
          "count": 3,
          "step": 3
        },
        {
          "sub_affix_id": 12,
          "count": 3,
          "step": 0
        }
      ],
      "internal_uid": 5,
      "equip_avatar": 1407
    },
    {
      "level": 15,
      "relic_id": 63195,
      "relic_set_id": 319,
      "main_affix_id": 9,
      "sub_affixes": [
        {
          "sub_affix_id": 7,
          "count": 5,
          "step": 5
        },
        {
          "sub_affix_id": 8,
          "count": 1,
          "step": 1
        },
        {
          "sub_affix_id": 9,
          "count": 1,
          "step": 1
        },
        {
          "sub_affix_id": 12,
          "count": 2,
          "step": 4
        }
      ],
      "internal_uid": 6,
      "equip_avatar": 1407
    },
    {
      "level": 15,
      "relic_id": 63196,
      "relic_set_id": 319,
      "main_affix_id": 4,
      "sub_affixes": [
        {
          "sub_affix_id": 7,
          "count": 2,
          "step": 2
        },
        {
          "sub_affix_id": 8,
          "count": 1,
          "step": 0
        },
        {
          "sub_affix_id": 9,
          "count": 2,
          "step": 0
        },
        {
          "sub_affix_id": 12,
          "count": 4,
          "step": 4
        }
      ],
      "internal_uid": 7,
      "equip_avatar": 1407
    },
    {
      "level": 15,
      "relic_id": 63085,
      "relic_set_id": 308,
      "main_affix_id": 1,
      "sub_affixes": [
        {
          "sub_affix_id": 7,
          "count": 3,
          "step": 6
        },
        {
          "sub_affix_id": 8,
          "count": 1,
          "step": 2
        },
        {
          "sub_affix_id": 9,
          "count": 2,
          "step": 2
        },
        {
          "sub_affix_id": 12,
          "count": 3,
          "step": 0
        }
      ],
      "internal_uid": 8,
      "equip_avatar": 1403
    },
    {
      "level": 15,
      "relic_id": 63086,
      "relic_set_id": 308,
      "main_affix_id": 2,
      "sub_affixes": [
        {
          "sub_affix_id": 7,
          "count": 2,
          "step": 0
        },
        {
          "sub_affix_id": 8,
          "count": 3,
          "step": 6
        },
        {
          "sub_affix_id": 9,
          "count": 2,
          "step": 2
        },
        {
          "sub_affix_id": 12,
          "count": 2,
          "step": 0
        }
      ],
      "internal_uid": 9,
      "equip_avatar": 1403
    },
    {
      "level": 15,
      "relic_id": 61101,
      "relic_set_id": 110,
      "main_affix_id": 1,
      "sub_affixes": [
        {
          "sub_affix_id": 7,
          "count": 3,
          "step": 3
        },
        {
          "sub_affix_id": 8,
          "count": 1,
          "step": 1
        },
        {
          "sub_affix_id": 9,
          "count": 1,
          "step": 0
        },
        {
          "sub_affix_id": 12,
          "count": 4,
          "step": 8
        }
      ],
      "internal_uid": 10,
      "equip_avatar": 1403
    },
    {
      "level": 15,
      "relic_id": 61102,
      "relic_set_id": 110,
      "main_affix_id": 1,
      "sub_affixes": [
        {
          "sub_affix_id": 7,
          "count": 1,
          "step": 1
        },
        {
          "sub_affix_id": 8,
          "count": 2,
          "step": 4
        },
        {
          "sub_affix_id": 9,
          "count": 1,
          "step": 2
        },
        {
          "sub_affix_id": 12,
          "count": 5,
          "step": 0
        }
      ],
      "internal_uid": 11,
      "equip_avatar": 1403
    },
    {
      "level": 15,
      "relic_id": 61141,
      "relic_set_id": 114,
      "main_affix_id": 1,
      "sub_affixes": [
        {
          "sub_affix_id": 7,
          "count": 1,
          "step": 2
        },
        {
          "sub_affix_id": 8,
          "count": 4,
          "step": 8
        },
        {
          "sub_affix_id": 9,
          "count": 2,
          "step": 0
        },
        {
          "sub_affix_id": 12,
          "count": 2,
          "step": 0
        }
      ],
      "internal_uid": 12,
      "equip_avatar": 0
    },
    {
      "level": 15,
      "relic_id": 61144,
      "relic_set_id": 114,
      "main_affix_id": 4,
      "sub_affixes": [
        {
          "sub_affix_id": 7,
          "count": 1,
          "step": 0
        },
        {
          "sub_affix_id": 8,
          "count": 5,
          "step": 0
        },
        {
          "sub_affix_id": 9,
          "count": 1,
          "step": 1
        },
        {
          "sub_affix_id": 12,
          "count": 2,
          "step": 0
        }
      ],
      "internal_uid": 13,
      "equip_avatar": 0
    },
    {
      "level": 15,
      "relic_id": 61144,
      "relic_set_id": 114,
      "main_affix_id": 4,
      "sub_affixes": [
        {
          "sub_affix_id": 5,
          "count": 4,
          "step": 0
        },
        {
          "sub_affix_id": 8,
          "count": 1,
          "step": 1
        },
        {
          "sub_affix_id": 9,
          "count": 1,
          "step": 0
        },
        {
          "sub_affix_id": 12,
          "count": 3,
          "step": 6
        }
      ],
      "internal_uid": 14,
      "equip_avatar": 1403
    },
    {
      "level": 15,
      "relic_id": 61143,
      "relic_set_id": 114,
      "main_affix_id": 6,
      "sub_affixes": [
        {
          "sub_affix_id": 3,
          "count": 3,
          "step": 6
        },
        {
          "sub_affix_id": 6,
          "count": 3,
          "step": 0
        },
        {
          "sub_affix_id": 7,
          "count": 2,
          "step": 2
        },
        {
          "sub_affix_id": 11,
          "count": 1,
          "step": 1
        }
      ],
      "internal_uid": 15,
      "equip_avatar": 1403
    },
    {
      "level": 15,
      "relic_id": 61211,
      "relic_set_id": 121,
      "main_affix_id": 1,
      "sub_affixes": [
        {
          "sub_affix_id": 3,
          "count": 1,
          "step": 0
        },
        {
          "sub_affix_id": 7,
          "count": 5,
          "step": 10
        },
        {
          "sub_affix_id": 9,
          "count": 2,
          "step": 2
        },
        {
          "sub_affix_id": 11,
          "count": 1,
          "step": 2
        }
      ],
      "internal_uid": 16,
      "equip_avatar": 1313
    },
    {
      "level": 15,
      "relic_id": 61212,
      "relic_set_id": 121,
      "main_affix_id": 1,
      "sub_affixes": [
        {
          "sub_affix_id": 3,
          "count": 4,
          "step": 4
        },
        {
          "sub_affix_id": 7,
          "count": 1,
          "step": 1
        },
        {
          "sub_affix_id": 9,
          "count": 1,
          "step": 0
        },
        {
          "sub_affix_id": 11,
          "count": 3,
          "step": 0
        }
      ],
      "internal_uid": 17,
      "equip_avatar": 0
    },
    {
      "level": 15,
      "relic_id": 61212,
      "relic_set_id": 121,
      "main_affix_id": 1,
      "sub_affixes": [
        {
          "sub_affix_id": 3,
          "count": 3,
          "step": 6
        },
        {
          "sub_affix_id": 7,
          "count": 3,
          "step": 0
        },
        {
          "sub_affix_id": 9,
          "count": 1,
          "step": 2
        },
        {
          "sub_affix_id": 11,
          "count": 2,
          "step": 4
        }
      ],
      "internal_uid": 18,
      "equip_avatar": 1313
    },
    {
      "level": 15,
      "relic_id": 61213,
      "relic_set_id": 121,
      "main_affix_id": 5,
      "sub_affixes": [
        {
          "sub_affix_id": 3,
          "count": 3,
          "step": 6
        },
        {
          "sub_affix_id": 6,
          "count": 2,
          "step": 4
        },
        {
          "sub_affix_id": 7,
          "count": 3,
          "step": 6
        },
        {
          "sub_affix_id": 11,
          "count": 1,
          "step": 0
        }
      ],
      "internal_uid": 19,
      "equip_avatar": 1313
    },
    {
      "level": 15,
      "relic_id": 61214,
      "relic_set_id": 121,
      "main_affix_id": 4,
      "sub_affixes": [
        {
          "sub_affix_id": 3,
          "count": 2,
          "step": 0
        },
        {
          "sub_affix_id": 4,
          "count": 3,
          "step": 0
        },
        {
          "sub_affix_id": 6,
          "count": 1,
          "step": 2
        },
        {
          "sub_affix_id": 11,
          "count": 3,
          "step": 0
        }
      ],
      "internal_uid": 20,
      "equip_avatar": 1313
    },
    {
      "level": 15,
      "relic_id": 63105,
      "relic_set_id": 310,
      "main_affix_id": 3,
      "sub_affixes": [
        {
          "sub_affix_id": 3,
          "count": 3,
          "step": 0
        },
        {
          "sub_affix_id": 4,
          "count": 2,
          "step": 0
        },
        {
          "sub_affix_id": 10,
          "count": 2,
          "step": 2
        },
        {
          "sub_affix_id": 11,
          "count": 2,
          "step": 4
        }
      ],
      "internal_uid": 21,
      "equip_avatar": 1313
    },
    {
      "level": 15,
      "relic_id": 63106,
      "relic_set_id": 310,
      "main_affix_id": 2,
      "sub_affixes": [
        {
          "sub_affix_id": 4,
          "count": 1,
          "step": 1
        },
        {
          "sub_affix_id": 6,
          "count": 4,
          "step": 0
        },
        {
          "sub_affix_id": 9,
          "count": 2,
          "step": 2
        },
        {
          "sub_affix_id": 10,
          "count": 2,
          "step": 4
        }
      ],
      "internal_uid": 22,
      "equip_avatar": 1313
    },
    {
      "level": 15,
      "relic_id": 61191,
      "relic_set_id": 119,
      "main_affix_id": 1,
      "sub_affixes": [
        {
          "sub_affix_id": 5,
          "count": 1,
          "step": 1
        },
        {
          "sub_affix_id": 6,
          "count": 3,
          "step": 0
        },
        {
          "sub_affix_id": 7,
          "count": 2,
          "step": 0
        },
        {
          "sub_affix_id": 12,
          "count": 3,
          "step": 0
        }
      ],
      "internal_uid": 23,
      "equip_avatar": 1222
    },
    {
      "level": 15,
      "relic_id": 61192,
      "relic_set_id": 119,
      "main_affix_id": 1,
      "sub_affixes": [
        {
          "sub_affix_id": 5,
          "count": 3,
          "step": 3
        },
        {
          "sub_affix_id": 6,
          "count": 2,
          "step": 2
        },
        {
          "sub_affix_id": 7,
          "count": 2,
          "step": 2
        },
        {
          "sub_affix_id": 12,
          "count": 2,
          "step": 2
        }
      ],
      "internal_uid": 24,
      "equip_avatar": 1222
    },
    {
      "level": 15,
      "relic_id": 61193,
      "relic_set_id": 119,
      "main_affix_id": 2,
      "sub_affixes": [
        {
          "sub_affix_id": 4,
          "count": 1,
          "step": 2
        },
        {
          "sub_affix_id": 6,
          "count": 1,
          "step": 1
        },
        {
          "sub_affix_id": 7,
          "count": 3,
          "step": 3
        },
        {
          "sub_affix_id": 12,
          "count": 4,
          "step": 8
        }
      ],
      "internal_uid": 25,
      "equip_avatar": 1222
    },
    {
      "level": 15,
      "relic_id": 61194,
      "relic_set_id": 119,
      "main_affix_id": 4,
      "sub_affixes": [
        {
          "sub_affix_id": 4,
          "count": 3,
          "step": 0
        },
        {
          "sub_affix_id": 5,
          "count": 1,
          "step": 2
        },
        {
          "sub_affix_id": 6,
          "count": 3,
          "step": 3
        },
        {
          "sub_affix_id": 12,
          "count": 2,
          "step": 2
        }
      ],
      "internal_uid": 26,
      "equip_avatar": 1222
    },
    {
      "level": 15,
      "relic_id": 63165,
      "relic_set_id": 316,
      "main_affix_id": 2,
      "sub_affixes": [
        {
          "sub_affix_id": 4,
          "count": 2,
          "step": 4
        },
        {
          "sub_affix_id": 6,
          "count": 3,
          "step": 0
        },
        {
          "sub_affix_id": 7,
          "count": 2,
          "step": 2
        },
        {
          "sub_affix_id": 12,
          "count": 2,
          "step": 2
        }
      ],
      "internal_uid": 27,
      "equip_avatar": 1222
    },
    {
      "level": 15,
      "relic_id": 63166,
      "relic_set_id": 316,
      "main_affix_id": 2,
      "sub_affixes": [
        {
          "sub_affix_id": 3,
          "count": 2,
          "step": 0
        },
        {
          "sub_affix_id": 5,
          "count": 2,
          "step": 2
        },
        {
          "sub_affix_id": 7,
          "count": 2,
          "step": 2
        },
        {
          "sub_affix_id": 12,
          "count": 3,
          "step": 3
        }
      ],
      "internal_uid": 28,
      "equip_avatar": 1222
    }
  ],
  "avatars": {
    "1003": {
      "owner_uid": 0,
      "avatar_id": 1003,
      "data": {
        "rank": 0,
        "skills": {
          "1003204": 1,
          "1003004": 1,
          "1003003": 1,
          "1003007": 1,
          "1003208": 1,
          "1003102": 1,
          "1003001": 1,
          "1003207": 1,
          "1003210": 1,
          "1003002": 1,
          "1003101": 1,
          "1003202": 1,
          "1003209": 1,
          "1003203": 1,
          "1003201": 1,
          "1003205": 1,
          "1003103": 1,
          "1003206": 1
        }
      },
      "level": 80,
      "promotion": 6,
      "techniques": [
        100301
      ],
      "sp_value": 0,
      "sp_max": 120
    },
    "1407": {
      "owner_uid": 0,
      "avatar_id": 1407,
      "data": {
        "rank": 6,
        "skills": {
          "1407003": 10,
          "1407103": 1,
          "1407209": 1,
          "1407101": 1,
          "1407205": 1,
          "1407210": 1,
          "1407007": 1,
          "1407102": 1,
          "1407207": 1,
          "1407302": 6,
          "1407202": 1,
          "1407206": 1,
          "1407204": 1,
          "1407208": 1,
          "1407002": 10,
          "1407004": 10,
          "1407001": 6,
          "1407203": 1,
          "1407201": 1,
          "1407301": 6
        }
      },
      "level": 80,
      "promotion": 6,
      "techniques": [
        140701,
        140702,
        140703,
        140704
      ],
      "sp_value": 100,
      "sp_max": null
    },
    "1221": {
      "owner_uid": 0,
      "avatar_id": 1221,
      "data": {
        "rank": 0,
        "skills": {
          "1221202": 1,
          "1221001": 1,
          "1221201": 1,
          "1221204": 1,
          "1221207": 1,
          "1221203": 1,
          "1221101": 1,
          "1221007": 1,
          "1221103": 1,
          "1221208": 1,
          "1221206": 1,
          "1221003": 1,
          "1221002": 1,
          "1221205": 1,
          "1221210": 1,
          "1221102": 1,
          "1221004": 1,
          "1221209": 1
        }
      },
      "level": 80,
      "promotion": 6,
      "techniques": [
        122101
      ],
      "sp_value": 0,
      "sp_max": 240
    },
    "1405": {
      "owner_uid": 0,
      "avatar_id": 1405,
      "data": {
        "rank": 0,
        "skills": {
          "1405207": 1,
          "1405001": 1,
          "1405103": 1,
          "1405204": 1,
          "1405203": 1,
          "1405004": 1,
          "1405210": 1,
          "1405209": 1,
          "1405205": 1,
          "1405102": 1,
          "1405002": 1,
          "1405101": 1,
          "1405202": 1,
          "1405208": 1,
          "1405003": 1,
          "1405007": 1,
          "1405206": 1,
          "1405201": 1
        }
      },
      "level": 80,
      "promotion": 6,
      "techniques": [
        140501
      ],
      "sp_value": 0,
      "sp_max": 140
    },
    "1205": {
      "owner_uid": 0,
      "avatar_id": 1205,
      "data": {
        "rank": 0,
        "skills": {
          "1205201": 1,
          "1205209": 1,
          "1205202": 1,
          "1205001": 1,
          "1205004": 1,
          "1205103": 1,
          "1205002": 1,
          "1205206": 1,
          "1205203": 1,
          "1205207": 1,
          "1205208": 1,
          "1205210": 1,
          "1205102": 1,
          "1205205": 1,
          "1205101": 1,
          "1205007": 1,
          "1205204": 1,
          "1205003": 1
        }
      },
      "level": 80,
      "promotion": 6,
      "techniques": [
        120501
      ],
      "sp_value": 0,
      "sp_max": 130
    },
    "8003": {
      "owner_uid": 0,
      "avatar_id": 8003,
      "data": {
        "rank": 0,
        "skills": {
          "8003002": 1,
          "8003206": 1,
          "8003203": 1,
          "8003205": 1,
          "8003208": 1,
          "8003003": 1,
          "8003202": 1,
          "8003207": 1,
          "8003007": 1,
          "8003209": 1,
          "8003101": 1,
          "8003102": 1,
          "8003204": 1,
          "8003201": 1,
          "8003004": 1,
          "8003001": 1,
          "8003210": 1,
          "8003103": 1
        }
      },
      "level": 80,
      "promotion": 6,
      "techniques": [
        800301
      ],
      "sp_value": 0,
      "sp_max": 120
    },
    "1101": {
      "owner_uid": 0,
      "avatar_id": 1101,
      "data": {
        "rank": 0,
        "skills": {
          "1101208": 1,
          "1101210": 1,
          "1101201": 1,
          "1101209": 1,
          "1101205": 1,
          "1101101": 1,
          "1101206": 1,
          "1101007": 1,
          "1101004": 1,
          "1101103": 1,
          "1101204": 1,
          "1101102": 1,
          "1101002": 1,
          "1101207": 1,
          "1101203": 1,
          "1101003": 1,
          "1101001": 1,
          "1101202": 1
        }
      },
      "level": 80,
      "promotion": 6,
      "techniques": [
        110101
      ],
      "sp_value": 0,
      "sp_max": 120
    },
    "1208": {
      "owner_uid": 0,
      "avatar_id": 1208,
      "data": {
        "rank": 0,
        "skills": {
          "1208206": 1,
          "1208004": 1,
          "1208201": 1,
          "1208203": 1,
          "1208007": 1,
          "1208001": 1,
          "1208209": 1,
          "1208103": 1,
          "1208207": 1,
          "1208205": 1,
          "1208204": 1,
          "1208102": 1,
          "1208101": 1,
          "1208003": 1,
          "1208002": 1,
          "1208202": 1,
          "1208210": 1,
          "1208208": 1
        }
      },
      "level": 80,
      "promotion": 6,
      "techniques": [
        120801,
        120802
      ],
      "sp_value": 0,
      "sp_max": 135
    },
    "8006": {
      "owner_uid": 0,
      "avatar_id": 8006,
      "data": {
        "rank": 0,
        "skills": {
          "8006103": 1,
          "8006102": 1,
          "8006202": 1,
          "8006203": 1,
          "8006208": 1,
          "8006101": 1,
          "8006210": 1,
          "8006007": 1,
          "8006201": 1,
          "8006205": 1,
          "8006206": 1,
          "8006003": 1,
          "8006207": 1,
          "8006209": 1,
          "8006204": 1,
          "8006004": 1,
          "8006001": 1,
          "8006002": 1
        }
      },
      "level": 80,
      "promotion": 6,
      "techniques": [
        800501
      ],
      "sp_value": 0,
      "sp_max": 140
    },
    "1211": {
      "owner_uid": 0,
      "avatar_id": 1211,
      "data": {
        "rank": 0,
        "skills": {
          "1211001": 1,
          "1211208": 1,
          "1211210": 1,
          "1211201": 1,
          "1211202": 1,
          "1211102": 1,
          "1211209": 1,
          "1211203": 1,
          "1211207": 1,
          "1211204": 1,
          "1211002": 1,
          "1211003": 1,
          "1211007": 1,
          "1211004": 1,
          "1211101": 1,
          "1211206": 1,
          "1211103": 1,
          "1211205": 1
        }
      },
      "level": 80,
      "promotion": 6,
      "techniques": [
        121101
      ],
      "sp_value": 0,
      "sp_max": 100
    },
    "1110": {
      "owner_uid": 0,
      "avatar_id": 1110,
      "data": {
        "rank": 0,
        "skills": {
          "1110203": 1,
          "1110208": 1,
          "1110001": 1,
          "1110002": 1,
          "1110003": 1,
          "1110207": 1,
          "1110209": 1,
          "1110007": 1,
          "1110101": 1,
          "1110204": 1,
          "1110202": 1,
          "1110103": 1,
          "1110206": 1,
          "1110004": 1,
          "1110201": 1,
          "1110102": 1,
          "1110210": 1,
          "1110205": 1
        }
      },
      "level": 80,
      "promotion": 6,
      "techniques": [
        111001
      ],
      "sp_value": 0,
      "sp_max": 100
    },
    "1225": {
      "owner_uid": 0,
      "avatar_id": 1225,
      "data": {
        "rank": 0,
        "skills": {
          "1225201": 1,
          "1225002": 1,
          "1225210": 1,
          "1225207": 1,
          "1225103": 1,
          "1225004": 1,
          "1225208": 1,
          "1225206": 1,
          "1225202": 1,
          "1225209": 1,
          "1225003": 1,
          "1225102": 1,
          "1225203": 1,
          "1225205": 1,
          "1225007": 1,
          "1225001": 1,
          "1225101": 1,
          "1225204": 1
        }
      },
      "level": 80,
      "promotion": 6,
      "techniques": [
        122501
      ],
      "sp_value": 0,
      "sp_max": 130
    },
    "1108": {
      "owner_uid": 0,
      "avatar_id": 1108,
      "data": {
        "rank": 0,
        "skills": {
          "1108207": 1,
          "1108206": 1,
          "1108203": 1,
          "1108001": 1,
          "1108003": 1,
          "1108204": 1,
          "1108002": 1,
          "1108209": 1,
          "1108007": 1,
          "1108004": 1,
          "1108201": 1,
          "1108205": 1,
          "1108208": 1,
          "1108102": 1,
          "1108103": 1,
          "1108101": 1,
          "1108202": 1,
          "1108210": 1
        }
      },
      "level": 80,
      "promotion": 6,
      "techniques": [
        110801
      ],
      "sp_value": 0,
      "sp_max": 120
    },
    "1207": {
      "owner_uid": 0,
      "avatar_id": 1207,
      "data": {
        "rank": 0,
        "skills": {
          "1207201": 1,
          "1207204": 1,
          "1207209": 1,
          "1207004": 1,
          "1207206": 1,
          "1207102": 1,
          "1207210": 1,
          "1207002": 1,
          "1207205": 1,
          "1207001": 1,
          "1207007": 1,
          "1207003": 1,
          "1207208": 1,
          "1207203": 1,
          "1207207": 1,
          "1207103": 1,
          "1207202": 1,
          "1207101": 1
        }
      },
      "level": 80,
      "promotion": 6,
      "techniques": [
        120701,
        120702
      ],
      "sp_value": 0,
      "sp_max": 130
    },
    "1008": {
      "owner_uid": 0,
      "avatar_id": 1008,
      "data": {
        "rank": 0,
        "skills": {
          "1008202": 1,
          "1008203": 1,
          "1008102": 1,
          "1008007": 1,
          "1008210": 1,
          "1008101": 1,
          "1008209": 1,
          "1008207": 1,
          "1008208": 1,
          "1008201": 1,
          "1008103": 1,
          "1008204": 1,
          "1008002": 1,
          "1008206": 1,
          "1008003": 1,
          "1008004": 1,
          "1008205": 1,
          "1008001": 1
        }
      },
      "level": 80,
      "promotion": 6,
      "techniques": [
        100801
      ],
      "sp_value": 0,
      "sp_max": 110
    },
    "1305": {
      "owner_uid": 0,
      "avatar_id": 1305,
      "data": {
        "rank": 0,
        "skills": {
          "1305207": 1,
          "1305002": 1,
          "1305103": 1,
          "1305206": 1,
          "1305204": 1,
          "1305201": 1,
          "1305205": 1,
          "1305210": 1,
          "1305202": 1,
          "1305203": 1,
          "1305208": 1,
          "1305003": 1,
          "1305001": 1,
          "1305209": 1,
          "1305101": 1,
          "1305007": 1,
          "1305004": 1,
          "1305102": 1
        }
      },
      "level": 80,
      "promotion": 6,
      "techniques": [
        130501
      ],
      "sp_value": 0,
      "sp_max": 140
    },
    "1402": {
      "owner_uid": 0,
      "avatar_id": 1402,
      "data": {
        "rank": 0,
        "skills": {
          "1402203": 1,
          "1402302": 1,
          "1402003": 1,
          "1402101": 1,
          "1402209": 1,
          "1402204": 1,
          "1402103": 1,
          "1402201": 1,
          "1402202": 1,
          "1402004": 1,
          "1402301": 1,
          "1402205": 1,
          "1402001": 1,
          "1402002": 1,
          "1402206": 1,
          "1402207": 1,
          "1402208": 1,
          "1402102": 1,
          "1402007": 1,
          "1402210": 1
        }
      },
      "level": 80,
      "promotion": 6,
      "techniques": [
        140201,
        140202
      ],
      "sp_value": 0,
      "sp_max": 350
    },
    "1013": {
      "owner_uid": 0,
      "avatar_id": 1013,
      "data": {
        "rank": 0,
        "skills": {
          "1013202": 1,
          "1013102": 1,
          "1013203": 1,
          "1013103": 1,
          "1013101": 1,
          "1013002": 1,
          "1013209": 1,
          "1013003": 1,
          "1013004": 1,
          "1013208": 1,
          "1013207": 1,
          "1013007": 1,
          "1013206": 1,
          "1013205": 1,
          "1013204": 1,
          "1013001": 1,
          "1013210": 1,
          "1013201": 1
        }
      },
      "level": 80,
      "promotion": 6,
      "techniques": [
        101301
      ],
      "sp_value": 0,
      "sp_max": 110
    },
    "1301": {
      "owner_uid": 0,
      "avatar_id": 1301,
      "data": {
        "rank": 0,
        "skills": {
          "1301210": 1,
          "1301001": 1,
          "1301201": 1,
          "1301203": 1,
          "1301206": 1,
          "1301207": 1,
          "1301202": 1,
          "1301209": 1,
          "1301205": 1,
          "1301101": 1,
          "1301103": 1,
          "1301204": 1,
          "1301208": 1,
          "1301007": 1,
          "1301003": 1,
          "1301002": 1,
          "1301004": 1,
          "1301102": 1
        }
      },
      "level": 80,
      "promotion": 6,
      "techniques": [
        130101
      ],
      "sp_value": 0,
      "sp_max": 110
    },
    "1223": {
      "owner_uid": 0,
      "avatar_id": 1223,
      "data": {
        "rank": 0,
        "skills": {
          "1223205": 1,
          "1223001": 1,
          "1223201": 1,
          "1223002": 1,
          "1223206": 1,
          "1223003": 1,
          "1223207": 1,
          "1223204": 1,
          "1223102": 1,
          "1223209": 1,
          "1223203": 1,
          "1223004": 1,
          "1223101": 1,
          "1223202": 1,
          "1223007": 1,
          "1223208": 1,
          "1223210": 1,
          "1223103": 1
        }
      },
      "level": 80,
      "promotion": 6,
      "techniques": [
        122301,
        122302,
        122303,
        122304
      ],
      "sp_value": 0,
      "sp_max": 120
    },
    "1204": {
      "owner_uid": 0,
      "avatar_id": 1204,
      "data": {
        "rank": 0,
        "skills": {
          "1204201": 1,
          "1204007": 1,
          "1204205": 1,
          "1204206": 1,
          "1204103": 1,
          "1204203": 1,
          "1204210": 1,
          "1204002": 1,
          "1204204": 1,
          "1204209": 1,
          "1204003": 1,
          "1204102": 1,
          "1204208": 1,
          "1204004": 1,
          "1204101": 1,
          "1204202": 1,
          "1204001": 1,
          "1204207": 1
        }
      },
      "level": 80,
      "promotion": 6,
      "techniques": [
        120401
      ],
      "sp_value": 0,
      "sp_max": 130
    },
    "1209": {
      "owner_uid": 0,
      "avatar_id": 1209,
      "data": {
        "rank": 0,
        "skills": {
          "1209102": 1,
          "1209001": 1,
          "1209207": 1,
          "1209201": 1,
          "1209004": 1,
          "1209002": 1,
          "1209206": 1,
          "1209208": 1,
          "1209203": 1,
          "1209209": 1,
          "1209210": 1,
          "1209204": 1,
          "1209003": 1,
          "1209007": 1,
          "1209205": 1,
          "1209103": 1,
          "1209101": 1,
          "1209202": 1
        }
      },
      "level": 80,
      "promotion": 6,
      "techniques": [
        120901
      ],
      "sp_value": 0,
      "sp_max": 140
    },
    "1306": {
      "owner_uid": 0,
      "avatar_id": 1306,
      "data": {
        "rank": 0,
        "skills": {
          "1306208": 1,
          "1306201": 1,
          "1306102": 1,
          "1306101": 1,
          "1306202": 1,
          "1306002": 1,
          "1306004": 1,
          "1306103": 1,
          "1306204": 1,
          "1306210": 1,
          "1306207": 1,
          "1306203": 1,
          "1306206": 1,
          "1306205": 1,
          "1306003": 1,
          "1306001": 1,
          "1306007": 1,
          "1306209": 1
        }
      },
      "level": 80,
      "promotion": 6,
      "techniques": [
        130601,
        130602
      ],
      "sp_value": 0,
      "sp_max": 110
    },
    "1112": {
      "owner_uid": 0,
      "avatar_id": 1112,
      "data": {
        "rank": 0,
        "skills": {
          "1112205": 1,
          "1112204": 1,
          "1112209": 1,
          "1112102": 1,
          "1112001": 1,
          "1112103": 1,
          "1112203": 1,
          "1112003": 1,
          "1112007": 1,
          "1112004": 1,
          "1112201": 1,
          "1112202": 1,
          "1112207": 1,
          "1112208": 1,
          "1112210": 1,
          "1112101": 1,
          "1112206": 1,
          "1112002": 1
        }
      },
      "level": 80,
      "promotion": 6,
      "techniques": [
        111201
      ],
      "sp_value": 0,
      "sp_max": 130
    },
    "1105": {
      "owner_uid": 0,
      "avatar_id": 1105,
      "data": {
        "rank": 0,
        "skills": {
          "1105206": 1,
          "1105101": 1,
          "1105004": 1,
          "1105001": 1,
          "1105210": 1,
          "1105103": 1,
          "1105209": 1,
          "1105002": 1,
          "1105007": 1,
          "1105102": 1,
          "1105003": 1,
          "1105203": 1,
          "1105207": 1,
          "1105202": 1,
          "1105205": 1,
          "1105208": 1,
          "1105201": 1,
          "1105204": 1
        }
      },
      "level": 80,
      "promotion": 6,
      "techniques": [
        110501
      ],
      "sp_value": 0,
      "sp_max": 90
    },
    "1009": {
      "owner_uid": 0,
      "avatar_id": 1009,
      "data": {
        "rank": 0,
        "skills": {
          "1009004": 1,
          "1009210": 1,
          "1009205": 1,
          "1009202": 1,
          "1009102": 1,
          "1009208": 1,
          "1009209": 1,
          "1009001": 1,
          "1009101": 1,
          "1009204": 1,
          "1009003": 1,
          "1009201": 1,
          "1009103": 1,
          "1009002": 1,
          "1009206": 1,
          "1009203": 1,
          "1009007": 1,
          "1009207": 1
        }
      },
      "level": 80,
      "promotion": 6,
      "techniques": [
        100901
      ],
      "sp_value": 0,
      "sp_max": 120
    },
    "1206": {
      "owner_uid": 0,
      "avatar_id": 1206,
      "data": {
        "rank": 0,
        "skills": {
          "1206208": 1,
          "1206205": 1,
          "1206210": 1,
          "1206202": 1,
          "1206203": 1,
          "1206007": 1,
          "1206207": 1,
          "1206002": 1,
          "1206003": 1,
          "1206201": 1,
          "1206004": 1,
          "1206001": 1,
          "1206101": 1,
          "1206103": 1,
          "1206209": 1,
          "1206204": 1,
          "1206102": 1,
          "1206206": 1
        }
      },
      "level": 80,
      "promotion": 6,
      "techniques": [
        120601
      ],
      "sp_value": 0,
      "sp_max": 120
    },
    "1202": {
      "owner_uid": 0,
      "avatar_id": 1202,
      "data": {
        "rank": 0,
        "skills": {
          "1202205": 1,
          "1202204": 1,
          "1202102": 1,
          "1202002": 1,
          "1202207": 1,
          "1202201": 1,
          "1202203": 1,
          "1202209": 1,
          "1202208": 1,
          "1202103": 1,
          "1202202": 1,
          "1202003": 1,
          "1202004": 1,
          "1202101": 1,
          "1202001": 1,
          "1202210": 1,
          "1202206": 1,
          "1202007": 1
        }
      },
      "level": 80,
      "promotion": 6,
      "techniques": [],
      "sp_value": 0,
      "sp_max": 130
    },
    "1218": {
      "owner_uid": 0,
      "avatar_id": 1218,
      "data": {
        "rank": 0,
        "skills": {
          "1218208": 1,
          "1218204": 1,
          "1218202": 1,
          "1218210": 1,
          "1218101": 1,
          "1218003": 1,
          "1218102": 1,
          "1218207": 1,
          "1218205": 1,
          "1218201": 1,
          "1218206": 1,
          "1218004": 1,
          "1218203": 1,
          "1218007": 1,
          "1218103": 1,
          "1218002": 1,
          "1218209": 1,
          "1218001": 1
        }
      },
      "level": 80,
      "promotion": 6,
      "techniques": [
        121801
      ],
      "sp_value": 0,
      "sp_max": 100
    },
    "1401": {
      "owner_uid": 0,
      "avatar_id": 1401,
      "data": {
        "rank": 0,
        "skills": {
          "1401003": 1,
          "1401207": 1,
          "1401203": 1,
          "1401001": 1,
          "1401103": 1,
          "1401002": 1,
          "1401101": 1,
          "1401205": 1,
          "1401210": 1,
          "1401204": 1,
          "1401004": 1,
          "1401007": 1,
          "1401209": 1,
          "1401206": 1,
          "1401208": 1,
          "1401202": 1,
          "1401201": 1,
          "1401102": 1
        }
      },
      "level": 80,
      "promotion": 6,
      "techniques": [
        140101,
        140102
      ],
      "sp_value": 0,
      "sp_max": 220
    },
    "1222": {
      "owner_uid": 0,
      "avatar_id": 1222,
      "data": {
        "rank": 6,
        "skills": {
          "1222004": 10,
          "1222204": 1,
          "1222203": 1,
          "1222103": 1,
          "1222003": 10,
          "1222201": 1,
          "1222206": 1,
          "1222207": 1,
          "1222002": 10,
          "1222208": 1,
          "1222102": 1,
          "1222007": 1,
          "1222101": 1,
          "1222210": 1,
          "1222001": 6,
          "1222202": 1,
          "1222209": 1,
          "1222205": 1
        }
      },
      "level": 80,
      "promotion": 6,
      "techniques": [
        122201
      ],
      "sp_value": 110,
      "sp_max": 110
    },
    "1312": {
      "owner_uid": 0,
      "avatar_id": 1312,
      "data": {
        "rank": 0,
        "skills": {
          "1312002": 1,
          "1312201": 1,
          "1312204": 1,
          "1312103": 1,
          "1312001": 1,
          "1312207": 1,
          "1312101": 1,
          "1312203": 1,
          "1312206": 1,
          "1312209": 1,
          "1312205": 1,
          "1312003": 1,
          "1312004": 1,
          "1312210": 1,
          "1312102": 1,
          "1312208": 1,
          "1312007": 1,
          "1312202": 1
        }
      },
      "level": 80,
      "promotion": 6,
      "techniques": [
        131201
      ],
      "sp_value": 0,
      "sp_max": 100
    },
    "1004": {
      "owner_uid": 0,
      "avatar_id": 1004,
      "data": {
        "rank": 0,
        "skills": {
          "1004201": 1,
          "1004205": 1,
          "1004002": 1,
          "1004204": 1,
          "1004203": 1,
          "1004206": 1,
          "1004004": 1,
          "1004208": 1,
          "1004003": 1,
          "1004207": 1,
          "1004101": 1,
          "1004210": 1,
          "1004001": 1,
          "1004103": 1,
          "1004202": 1,
          "1004209": 1,
          "1004007": 1,
          "1004102": 1
        }
      },
      "level": 80,
      "promotion": 6,
      "techniques": [
        100401
      ],
      "sp_value": 0,
      "sp_max": 120
    },
    "1309": {
      "owner_uid": 0,
      "avatar_id": 1309,
      "data": {
        "rank": 0,
        "skills": {
          "1309208": 1,
          "1309207": 1,
          "1309202": 1,
          "1309203": 1,
          "1309206": 1,
          "1309007": 1,
          "1309101": 1,
          "1309201": 1,
          "1309002": 1,
          "1309204": 1,
          "1309205": 1,
          "1309003": 1,
          "1309209": 1,
          "1309004": 1,
          "1309210": 1,
          "1309102": 1,
          "1309001": 1,
          "1309103": 1
        }
      },
      "level": 80,
      "promotion": 6,
      "techniques": [
        130901,
        130902,
        130903
      ],
      "sp_value": 0,
      "sp_max": 160
    },
    "1109": {
      "owner_uid": 0,
      "avatar_id": 1109,
      "data": {
        "rank": 0,
        "skills": {
          "1109103": 1,
          "1109007": 1,
          "1109210": 1,
          "1109204": 1,
          "1109102": 1,
          "1109203": 1,
          "1109207": 1,
          "1109209": 1,
          "1109001": 1,
          "1109003": 1,
          "1109101": 1,
          "1109002": 1,
          "1109004": 1,
          "1109208": 1,
          "1109205": 1,
          "1109201": 1,
          "1109202": 1,
          "1109206": 1
        }
      },
      "level": 80,
      "promotion": 6,
      "techniques": [
        110901
      ],
      "sp_value": 0,
      "sp_max": 120
    },
    "1315": {
      "owner_uid": 0,
      "avatar_id": 1315,
      "data": {
        "rank": 0,
        "skills": {
          "1315001": 1,
          "1315206": 1,
          "1315003": 1,
          "1315102": 1,
          "1315203": 1,
          "1315201": 1,
          "1315007": 1,
          "1315209": 1,
          "1315208": 1,
          "1315101": 1,
          "1315002": 1,
          "1315207": 1,
          "1315004": 1,
          "1315205": 1,
          "1315202": 1,
          "1315103": 1,
          "1315210": 1,
          "1315204": 1
        }
      },
      "level": 80,
      "promotion": 6,
      "techniques": [
        131501,
        131502,
        131503
      ],
      "sp_value": 0,
      "sp_max": 115
    },
    "1404": {
      "owner_uid": 0,
      "avatar_id": 1404,
      "data": {
        "rank": 0,
        "skills": {
          "1404201": 1,
          "1404208": 1,
          "1404102": 1,
          "1404007": 1,
          "1404210": 1,
          "1404202": 1,
          "1404207": 1,
          "1404103": 1,
          "1404004": 1,
          "1404003": 1,
          "1404204": 1,
          "1404001": 1,
          "1404101": 1,
          "1404203": 1,
          "1404002": 1,
          "1404209": 1,
          "1404205": 1,
          "1404206": 1
        }
      },
      "level": 80,
      "promotion": 6,
      "techniques": [
        140401
      ],
      "sp_value": 0,
      "sp_max": 160
    },
    "1313": {
      "owner_uid": 0,
      "avatar_id": 1313,
      "data": {
        "rank": 6,
        "skills": {
          "1313002": 10,
          "1313201": 1,
          "1313204": 1,
          "1313206": 1,
          "1313210": 1,
          "1313101": 1,
          "1313203": 1,
          "1313007": 1,
          "1313103": 1,
          "1313208": 1,
          "1313003": 10,
          "1313004": 10,
          "1313202": 1,
          "1313205": 1,
          "1313209": 1,
          "1313102": 1,
          "1313207": 1,
          "1313001": 6
        }
      },
      "level": 80,
      "promotion": 6,
      "techniques": [
        131301
      ],
      "sp_value": 130,
      "sp_max": 130
    },
    "1403": {
      "owner_uid": 0,
      "avatar_id": 1403,
      "data": {
        "rank": 6,
        "skills": {
          "1403203": 1,
          "1403207": 1,
          "1403003": 10,
          "1403102": 1,
          "1403101": 1,
          "1403204": 1,
          "1403208": 1,
          "1403201": 1,
          "1403210": 1,
          "1403206": 1,
          "1403209": 1,
          "1403205": 1,
          "1403202": 1,
          "1403004": 10,
          "1403007": 1,
          "1403103": 1,
          "1403002": 10,
          "1403001": 6
        }
      },
      "level": 80,
      "promotion": 6,
      "techniques": [
        140301
      ],
      "sp_value": 120,
      "sp_max": 120
    },
    "1210": {
      "owner_uid": 0,
      "avatar_id": 1210,
      "data": {
        "rank": 0,
        "skills": {
          "1210007": 1,
          "1210206": 1,
          "1210004": 1,
          "1210102": 1,
          "1210201": 1,
          "1210003": 1,
          "1210202": 1,
          "1210101": 1,
          "1210207": 1,
          "1210203": 1,
          "1210002": 1,
          "1210001": 1,
          "1210209": 1,
          "1210208": 1,
          "1210103": 1,
          "1210205": 1,
          "1210204": 1,
          "1210210": 1
        }
      },
      "level": 80,
      "promotion": 6,
      "techniques": [
        121001
      ],
      "sp_value": 0,
      "sp_max": 120
    },
    "1220": {
      "owner_uid": 0,
      "avatar_id": 1220,
      "data": {
        "rank": 0,
        "skills": {
          "1220205": 1,
          "1220209": 1,
          "1220204": 1,
          "1220001": 1,
          "1220002": 1,
          "1220210": 1,
          "1220208": 1,
          "1220101": 1,
          "1220203": 1,
          "1220206": 1,
          "1220004": 1,
          "1220102": 1,
          "1220207": 1,
          "1220007": 1,
          "1220201": 1,
          "1220202": 1,
          "1220103": 1,
          "1220003": 1
        }
      },
      "level": 80,
      "promotion": 6,
      "techniques": [
        122001,
        122002,
        122003,
        122004
      ],
      "sp_value": 0,
      "sp_max": 12
    },
    "1104": {
      "owner_uid": 0,
      "avatar_id": 1104,
      "data": {
        "rank": 0,
        "skills": {
          "1104204": 1,
          "1104206": 1,
          "1104103": 1,
          "1104102": 1,
          "1104209": 1,
          "1104210": 1,
          "1104004": 1,
          "1104002": 1,
          "1104001": 1,
          "1104203": 1,
          "1104007": 1,
          "1104101": 1,
          "1104207": 1,
          "1104205": 1,
          "1104201": 1,
          "1104202": 1,
          "1104003": 1,
          "1104208": 1
        }
      },
      "level": 80,
      "promotion": 6,
      "techniques": [
        110401
      ],
      "sp_value": 0,
      "sp_max": 100
    },
    "1201": {
      "owner_uid": 0,
      "avatar_id": 1201,
      "data": {
        "rank": 0,
        "skills": {
          "1201210": 1,
          "1201208": 1,
          "1201205": 1,
          "1201004": 1,
          "1201201": 1,
          "1201206": 1,
          "1201102": 1,
          "1201204": 1,
          "1201101": 1,
          "1201203": 1,
          "1201202": 1,
          "1201209": 1,
          "1201103": 1,
          "1201001": 1,
          "1201003": 1,
          "1201007": 1,
          "1201207": 1,
          "1201002": 1
        }
      },
      "level": 80,
      "promotion": 6,
      "techniques": [
        120101
      ],
      "sp_value": 0,
      "sp_max": 140
    },
    "8008": {
      "owner_uid": 0,
      "avatar_id": 8008,
      "data": {
        "rank": 0,
        "skills": {
          "8008004": 1,
          "8008007": 1,
          "8008002": 1,
          "8008302": 1,
          "8008209": 1,
          "8008102": 1,
          "8008301": 1,
          "8008203": 1,
          "8008101": 1,
          "8008208": 1,
          "8008206": 1,
          "8008201": 1,
          "8008001": 1,
          "8008202": 1,
          "8008207": 1,
          "8008205": 1,
          "8008210": 1,
          "8008204": 1,
          "8008103": 1,
          "8008003": 1
        }
      },
      "level": 80,
      "promotion": 6,
      "techniques": [
        800701
      ],
      "sp_value": 0,
      "sp_max": 160
    },
    "1308": {
      "owner_uid": 0,
      "avatar_id": 1308,
      "data": {
        "rank": 0,
        "skills": {
          "1308201": 1,
          "1308101": 1,
          "1308003": 1,
          "1308208": 1,
          "1308203": 1,
          "1308001": 1,
          "1308202": 1,
          "1308103": 1,
          "1308210": 1,
          "1308007": 1,
          "1308004": 1,
          "1308205": 1,
          "1308207": 1,
          "1308209": 1,
          "1308204": 1,
          "1308206": 1,
          "1308002": 1,
          "1308102": 1
        }
      },
      "level": 80,
      "promotion": 6,
      "techniques": [
        130801,
        130802,
        130803,
        1000119
      ],
      "sp_value": 0,
      "sp_max": 9
    },
    "1006": {
      "owner_uid": 0,
      "avatar_id": 1006,
      "data": {
        "rank": 0,
        "skills": {
          "1006208": 1,
          "1006001": 1,
          "1006205": 1,
          "1006102": 1,
          "1006202": 1,
          "1006003": 1,
          "1006002": 1,
          "1006201": 1,
          "1006103": 1,
          "1006204": 1,
          "1006101": 1,
          "1006209": 1,
          "1006007": 1,
          "1006206": 1,
          "1006004": 1,
          "1006207": 1,
          "1006203": 1,
          "1006210": 1
        }
      },
      "level": 80,
      "promotion": 6,
      "techniques": [
        100601,
        1000119
      ],
      "sp_value": 0,
      "sp_max": 110
    },
    "1304": {
      "owner_uid": 0,
      "avatar_id": 1304,
      "data": {
        "rank": 0,
        "skills": {
          "1304204": 1,
          "1304003": 1,
          "1304209": 1,
          "1304201": 1,
          "1304202": 1,
          "1304004": 1,
          "1304206": 1,
          "1304103": 1,
          "1304002": 1,
          "1304102": 1,
          "1304001": 1,
          "1304205": 1,
          "1304208": 1,
          "1304101": 1,
          "1304203": 1,
          "1304207": 1,
          "1304210": 1,
          "1304007": 1
        }
      },
      "level": 80,
      "promotion": 6,
      "techniques": [
        130401,
        130402,
        130403,
        130404,
        130405,
        130406
      ],
      "sp_value": 0,
      "sp_max": 110
    },
    "1314": {
      "owner_uid": 0,
      "avatar_id": 1314,
      "data": {
        "rank": 0,
        "skills": {
          "1314205": 1,
          "1314101": 1,
          "1314207": 1,
          "1314203": 1,
          "1314004": 1,
          "1314001": 1,
          "1314201": 1,
          "1314102": 1,
          "1314202": 1,
          "1314007": 1,
          "1314210": 1,
          "1314206": 1,
          "1314204": 1,
          "1314103": 1,
          "1314209": 1,
          "1314003": 1,
          "1314208": 1,
          "1314002": 1
        }
      },
      "level": 80,
      "promotion": 6,
      "techniques": [
        131401
      ],
      "sp_value": 0,
      "sp_max": 140
    },
    "1317": {
      "owner_uid": 0,
      "avatar_id": 1317,
      "data": {
        "rank": 0,
        "skills": {
          "1317208": 1,
          "1317204": 1,
          "1317007": 1,
          "1317101": 1,
          "1317103": 1,
          "1317201": 1,
          "1317102": 1,
          "1317205": 1,
          "1317206": 1,
          "1317202": 1,
          "1317203": 1,
          "1317209": 1,
          "1317210": 1,
          "1317001": 1,
          "1317207": 1,
          "1317002": 1,
          "1317003": 1,
          "1317004": 1
        }
      },
      "level": 80,
      "promotion": 6,
      "techniques": [
        131701,
        131702,
        1000119
      ],
      "sp_value": 0,
      "sp_max": 140
    },
    "1303": {
      "owner_uid": 0,
      "avatar_id": 1303,
      "data": {
        "rank": 0,
        "skills": {
          "1303206": 1,
          "1303002": 1,
          "1303210": 1,
          "1303001": 1,
          "1303204": 1,
          "1303004": 1,
          "1303207": 1,
          "1303203": 1,
          "1303205": 1,
          "1303103": 1,
          "1303007": 1,
          "1303209": 1,
          "1303202": 1,
          "1303201": 1,
          "1303101": 1,
          "1303208": 1,
          "1303003": 1,
          "1303102": 1
        }
      },
      "level": 80,
      "promotion": 6,
      "techniques": [
        130301,
        130302,
        130303
      ],
      "sp_value": 0,
      "sp_max": 130
    },
    "1213": {
      "owner_uid": 0,
      "avatar_id": 1213,
      "data": {
        "rank": 0,
        "skills": {
          "1213207": 1,
          "1213203": 1,
          "1213204": 1,
          "1213007": 1,
          "1213003": 1,
          "1213102": 1,
          "1213103": 1,
          "1213201": 1,
          "1213208": 1,
          "1213002": 1,
          "1213004": 1,
          "1213101": 1,
          "1213206": 1,
          "1213209": 1,
          "1213205": 1,
          "1213001": 1,
          "1213210": 1,
          "1213202": 1
        }
      },
      "level": 80,
      "promotion": 6,
      "techniques": [
        121301,
        121302,
        121303
      ],
      "sp_value": 0,
      "sp_max": 140
    },
    "8005": {
      "owner_uid": 0,
      "avatar_id": 8005,
      "data": {
        "rank": 0,
        "skills": {
          "8005001": 1,
          "8005007": 1,
          "8005202": 1,
          "8005004": 1,
          "8005206": 1,
          "8005002": 1,
          "8005201": 1,
          "8005207": 1,
          "8005208": 1,
          "8005203": 1,
          "8005102": 1,
          "8005204": 1,
          "8005210": 1,
          "8005101": 1,
          "8005209": 1,
          "8005003": 1,
          "8005205": 1,
          "8005103": 1
        }
      },
      "level": 80,
      "promotion": 6,
      "techniques": [
        800501
      ],
      "sp_value": 0,
      "sp_max": 140
    },
    "1102": {
      "owner_uid": 0,
      "avatar_id": 1102,
      "data": {
        "rank": 0,
        "skills": {
          "1102002": 1,
          "1102207": 1,
          "1102007": 1,
          "1102101": 1,
          "1102004": 1,
          "1102103": 1,
          "1102209": 1,
          "1102203": 1,
          "1102202": 1,
          "1102206": 1,
          "1102001": 1,
          "1102003": 1,
          "1102208": 1,
          "1102204": 1,
          "1102102": 1,
          "1102210": 1,
          "1102205": 1,
          "1102201": 1
        }
      },
      "level": 80,
      "promotion": 6,
      "techniques": [
        110201,
        110202,
        110203
      ],
      "sp_value": 0,
      "sp_max": 120
    },
    "8007": {
      "owner_uid": 0,
      "avatar_id": 8007,
      "data": {
        "rank": 0,
        "skills": {
          "8007210": 1,
          "8007007": 1,
          "8007101": 1,
          "8007003": 1,
          "8007002": 1,
          "8007203": 1,
          "8007205": 1,
          "8007103": 1,
          "8007301": 1,
          "8007001": 1,
          "8007202": 1,
          "8007302": 1,
          "8007206": 1,
          "8007102": 1,
          "8007204": 1,
          "8007208": 1,
          "8007209": 1,
          "8007004": 1,
          "8007201": 1,
          "8007207": 1
        }
      },
      "level": 80,
      "promotion": 6,
      "techniques": [
        800701
      ],
      "sp_value": 0,
      "sp_max": 160
    },
    "1005": {
      "owner_uid": 0,
      "avatar_id": 1005,
      "data": {
        "rank": 0,
        "skills": {
          "1005002": 1,
          "1005205": 1,
          "1005204": 1,
          "1005101": 1,
          "1005201": 1,
          "1005102": 1,
          "1005004": 1,
          "1005209": 1,
          "1005206": 1,
          "1005103": 1,
          "1005202": 1,
          "1005001": 1,
          "1005003": 1,
          "1005208": 1,
          "1005203": 1,
          "1005210": 1,
          "1005007": 1,
          "1005207": 1
        }
      },
      "level": 80,
      "promotion": 6,
      "techniques": [
        100501
      ],
      "sp_value": 0,
      "sp_max": 120
    },
    "8001": {
      "owner_uid": 0,
      "avatar_id": 8001,
      "data": {
        "rank": 0,
        "skills": {
          "8001103": 1,
          "8001003": 1,
          "8001002": 1,
          "8001101": 1,
          "8001001": 1,
          "8001007": 1,
          "8001208": 1,
          "8001202": 1,
          "8001209": 1,
          "8001004": 1,
          "8001210": 1,
          "8001201": 1,
          "8001204": 1,
          "8001207": 1,
          "8001206": 1,
          "8001203": 1,
          "8001205": 1,
          "8001102": 1
        }
      },
      "level": 80,
      "promotion": 6,
      "techniques": [],
      "sp_value": 0,
      "sp_max": 120
    },
    "1107": {
      "owner_uid": 0,
      "avatar_id": 1107,
      "data": {
        "rank": 0,
        "skills": {
          "1107206": 1,
          "1107101": 1,
          "1107102": 1,
          "1107103": 1,
          "1107002": 1,
          "1107004": 1,
          "1107207": 1,
          "1107202": 1,
          "1107205": 1,
          "1107001": 1,
          "1107201": 1,
          "1107204": 1,
          "1107210": 1,
          "1107007": 1,
          "1107203": 1,
          "1107209": 1,
          "1107208": 1,
          "1107003": 1
        }
      },
      "level": 80,
      "promotion": 6,
      "techniques": [
        110701
      ],
      "sp_value": 0,
      "sp_max": 110
    },
    "1111": {
      "owner_uid": 0,
      "avatar_id": 1111,
      "data": {
        "rank": 0,
        "skills": {
          "1111210": 1,
          "1111208": 1,
          "1111207": 1,
          "1111103": 1,
          "1111001": 1,
          "1111205": 1,
          "1111206": 1,
          "1111203": 1,
          "1111201": 1,
          "1111204": 1,
          "1111007": 1,
          "1111202": 1,
          "1111209": 1,
          "1111102": 1,
          "1111101": 1,
          "1111002": 1,
          "1111004": 1,
          "1111003": 1
        }
      },
      "level": 80,
      "promotion": 6,
      "techniques": [
        111101
      ],
      "sp_value": 0,
      "sp_max": 130
    },
    "1302": {
      "owner_uid": 0,
      "avatar_id": 1302,
      "data": {
        "rank": 0,
        "skills": {
          "1302205": 1,
          "1302002": 1,
          "1302102": 1,
          "1302206": 1,
          "1302003": 1,
          "1302001": 1,
          "1302101": 1,
          "1302201": 1,
          "1302210": 1,
          "1302202": 1,
          "1302207": 1,
          "1302209": 1,
          "1302004": 1,
          "1302203": 1,
          "1302007": 1,
          "1302103": 1,
          "1302204": 1,
          "1302208": 1
        }
      },
      "level": 80,
      "promotion": 6,
      "techniques": [
        130201
      ],
      "sp_value": 0,
      "sp_max": 180
    },
    "8004": {
      "owner_uid": 0,
      "avatar_id": 8004,
      "data": {
        "rank": 0,
        "skills": {
          "8004209": 1,
          "8004208": 1,
          "8004004": 1,
          "8004103": 1,
          "8004207": 1,
          "8004206": 1,
          "8004002": 1,
          "8004202": 1,
          "8004204": 1,
          "8004101": 1,
          "8004102": 1,
          "8004007": 1,
          "8004205": 1,
          "8004001": 1,
          "8004201": 1,
          "8004210": 1,
          "8004203": 1,
          "8004003": 1
        }
      },
      "level": 80,
      "promotion": 6,
      "techniques": [
        800301
      ],
      "sp_value": 0,
      "sp_max": 120
    },
    "1002": {
      "owner_uid": 0,
      "avatar_id": 1002,
      "data": {
        "rank": 0,
        "skills": {
          "1002001": 1,
          "1002207": 1,
          "1002204": 1,
          "1002201": 1,
          "1002205": 1,
          "1002209": 1,
          "1002102": 1,
          "1002208": 1,
          "1002002": 1,
          "1002101": 1,
          "1002004": 1,
          "1002202": 1,
          "1002210": 1,
          "1002206": 1,
          "1002203": 1,
          "1002103": 1,
          "1002007": 1,
          "1002003": 1
        }
      },
      "level": 80,
      "promotion": 6,
      "techniques": [
        100201
      ],
      "sp_value": 0,
      "sp_max": 100
    },
    "1106": {
      "owner_uid": 0,
      "avatar_id": 1106,
      "data": {
        "rank": 0,
        "skills": {
          "1106208": 1,
          "1106002": 1,
          "1106204": 1,
          "1106101": 1,
          "1106210": 1,
          "1106209": 1,
          "1106206": 1,
          "1106003": 1,
          "1106207": 1,
          "1106201": 1,
          "1106103": 1,
          "1106001": 1,
          "1106202": 1,
          "1106102": 1,
          "1106203": 1,
          "1106205": 1,
          "1106004": 1,
          "1106007": 1
        }
      },
      "level": 80,
      "promotion": 6,
      "techniques": [
        110601
      ],
      "sp_value": 0,
      "sp_max": 110
    },
    "1214": {
      "owner_uid": 0,
      "avatar_id": 1214,
      "data": {
        "rank": 0,
        "skills": {
          "1214101": 1,
          "1214007": 1,
          "1214102": 1,
          "1214209": 1,
          "1214210": 1,
          "1214207": 1,
          "1214205": 1,
          "1214202": 1,
          "1214203": 1,
          "1214103": 1,
          "1214002": 1,
          "1214001": 1,
          "1214204": 1,
          "1214003": 1,
          "1214208": 1,
          "1214206": 1,
          "1214004": 1,
          "1214201": 1
        }
      },
      "level": 80,
      "promotion": 6,
      "techniques": [
        121401
      ],
      "sp_value": 0,
      "sp_max": 120
    },
    "1217": {
      "owner_uid": 0,
      "avatar_id": 1217,
      "data": {
        "rank": 0,
        "skills": {
          "1217205": 1,
          "1217101": 1,
          "1217102": 1,
          "1217210": 1,
          "1217203": 1,
          "1217007": 1,
          "1217209": 1,
          "1217103": 1,
          "1217206": 1,
          "1217204": 1,
          "1217208": 1,
          "1217004": 1,
          "1217207": 1,
          "1217202": 1,
          "1217201": 1,
          "1217001": 1,
          "1217002": 1,
          "1217003": 1
        }
      },
      "level": 80,
      "promotion": 6,
      "techniques": [
        121701
      ],
      "sp_value": 0,
      "sp_max": 140
    },
    "1307": {
      "owner_uid": 0,
      "avatar_id": 1307,
      "data": {
        "rank": 0,
        "skills": {
          "1307207": 1,
          "1307205": 1,
          "1307203": 1,
          "1307204": 1,
          "1307206": 1,
          "1307004": 1,
          "1307102": 1,
          "1307201": 1,
          "1307007": 1,
          "1307003": 1,
          "1307001": 1,
          "1307209": 1,
          "1307103": 1,
          "1307210": 1,
          "1307208": 1,
          "1307002": 1,
          "1307101": 1,
          "1307202": 1
        }
      },
      "level": 80,
      "promotion": 6,
      "techniques": [
        130701
      ],
      "sp_value": 0,
      "sp_max": 120
    },
    "1215": {
      "owner_uid": 0,
      "avatar_id": 1215,
      "data": {
        "rank": 0,
        "skills": {
          "1215002": 1,
          "1215102": 1,
          "1215201": 1,
          "1215205": 1,
          "1215210": 1,
          "1215103": 1,
          "1215202": 1,
          "1215206": 1,
          "1215004": 1,
          "1215203": 1,
          "1215207": 1,
          "1215204": 1,
          "1215101": 1,
          "1215003": 1,
          "1215209": 1,
          "1215208": 1,
          "1215001": 1,
          "1215007": 1
        }
      },
      "level": 80,
      "promotion": 6,
      "techniques": [
        121501
      ],
      "sp_value": 0,
      "sp_max": 140
    },
    "1310": {
      "owner_uid": 0,
      "avatar_id": 1310,
      "data": {
        "rank": 0,
        "skills": {
          "1310203": 1,
          "1310007": 1,
          "1310201": 1,
          "1310002": 1,
          "1310206": 1,
          "1310103": 1,
          "1310204": 1,
          "1310101": 1,
          "1310202": 1,
          "1310003": 1,
          "1310207": 1,
          "1310205": 1,
          "1310001": 1,
          "1310208": 1,
          "1310209": 1,
          "1310102": 1,
          "1310210": 1,
          "1310004": 1
        }
      },
      "level": 80,
      "promotion": 6,
      "techniques": [
        131001,
        131002,
        1000112
      ],
      "sp_value": 0,
      "sp_max": 240
    },
    "8002": {
      "owner_uid": 0,
      "avatar_id": 8002,
      "data": {
        "rank": 0,
        "skills": {
          "8002201": 1,
          "8002101": 1,
          "8002209": 1,
          "8002007": 1,
          "8002003": 1,
          "8002210": 1,
          "8002206": 1,
          "8002103": 1,
          "8002102": 1,
          "8002002": 1,
          "8002205": 1,
          "8002204": 1,
          "8002001": 1,
          "8002208": 1,
          "8002202": 1,
          "8002207": 1,
          "8002004": 1,
          "8002203": 1
        }
      },
      "level": 80,
      "promotion": 6,
      "techniques": [],
      "sp_value": 0,
      "sp_max": 120
    },
    "1203": {
      "owner_uid": 0,
      "avatar_id": 1203,
      "data": {
        "rank": 0,
        "skills": {
          "1203206": 1,
          "1203208": 1,
          "1203205": 1,
          "1203002": 1,
          "1203210": 1,
          "1203101": 1,
          "1203209": 1,
          "1203007": 1,
          "1203102": 1,
          "1203207": 1,
          "1203202": 1,
          "1203204": 1,
          "1203203": 1,
          "1203004": 1,
          "1203103": 1,
          "1203003": 1,
          "1203201": 1,
          "1203001": 1
        }
      },
      "level": 80,
      "promotion": 6,
      "techniques": [
        120301
      ],
      "sp_value": 0,
      "sp_max": 100
    },
    "1001": {
      "owner_uid": 0,
      "avatar_id": 1001,
      "data": {
        "rank": 0,
        "skills": {
          "1001007": 1,
          "1001002": 1,
          "1001206": 1,
          "1001210": 1,
          "1001103": 1,
          "1001203": 1,
          "1001102": 1,
          "1001208": 1,
          "1001101": 1,
          "1001205": 1,
          "1001204": 1,
          "1001207": 1,
          "1001209": 1,
          "1001202": 1,
          "1001201": 1,
          "1001003": 1,
          "1001004": 1,
          "1001001": 1
        }
      },
      "level": 80,
      "promotion": 6,
      "techniques": [
        100101
      ],
      "sp_value": 0,
      "sp_max": 120
    },
    "1103": {
      "owner_uid": 0,
      "avatar_id": 1103,
      "data": {
        "rank": 0,
        "skills": {
          "1103003": 1,
          "1103208": 1,
          "1103203": 1,
          "1103102": 1,
          "1103204": 1,
          "1103007": 1,
          "1103002": 1,
          "1103206": 1,
          "1103205": 1,
          "1103201": 1,
          "1103101": 1,
          "1103209": 1,
          "1103004": 1,
          "1103207": 1,
          "1103103": 1,
          "1103202": 1,
          "1103001": 1,
          "1103210": 1
        }
      },
      "level": 80,
      "promotion": 6,
      "techniques": [
        110301
      ],
      "sp_value": 0,
      "sp_max": 100
    },
    "1224": {
      "owner_uid": 0,
      "avatar_id": 1224,
      "data": {
        "rank": 0,
        "skills": {
          "1224203": 1,
          "1224210": 1,
          "1224205": 1,
          "1224003": 1,
          "1224209": 1,
          "1224103": 1,
          "1224007": 1,
          "1224204": 1,
          "1224206": 1,
          "1224207": 1,
          "1224201": 1,
          "1224202": 1,
          "1224102": 1,
          "1224002": 1,
          "1224004": 1,
          "1224101": 1,
          "1224001": 1,
          "1224208": 1
        }
      },
      "level": 80,
      "promotion": 6,
      "techniques": [
        122401,
        122402,
        122403
      ],
      "sp_value": 0,
      "sp_max": 110
    },
    "1212": {
      "owner_uid": 0,
      "avatar_id": 1212,
      "data": {
        "rank": 0,
        "skills": {
          "1212210": 1,
          "1212007": 1,
          "1212001": 1,
          "1212203": 1,
          "1212003": 1,
          "1212207": 1,
          "1212103": 1,
          "1212201": 1,
          "1212204": 1,
          "1212004": 1,
          "1212209": 1,
          "1212101": 1,
          "1212102": 1,
          "1212202": 1,
          "1212002": 1,
          "1212205": 1,
          "1212206": 1,
          "1212208": 1
        }
      },
      "level": 80,
      "promotion": 6,
      "techniques": [
        121201,
        121202,
        121203
      ],
      "sp_value": 0,
      "sp_max": 140
    }
  },
  "battle_config": {
    "battle_type": "Moc",
    "monsters": [
      [
        {
          "level": 95,
          "monster_id": 8003020,
          "max_hp": 0
        },
        {
          "level": 95,
          "monster_id": 2023010,
          "max_hp": 0
        },
        {
          "level": 95,
          "monster_id": 8003020,
          "max_hp": 0
        }
      ],
      [
        {
          "level": 95,
          "monster_id": 3004020,
          "max_hp": 0
        }
      ]
    ],
    "blessings": [],
    "stage_id": 30113122,
    "cycle_count": 30,
    "path_resonance_id": 0,
    "custom_stats": [],
    "scepters": []
  }
}