{  
  "CNBETAWin3.1.51": {
    "asset_bundle_url": "https://autopatchos.starrails.com/asb/BetaLive/output_9573347_b03981f01966",
    "ex_resource_url": "https://autopatchos.starrails.com/design_data/BetaLive/output_9574749_cf833d944ab2",
    "lua_url": "https://autopatchos.starrails.com/lua/BetaLive/output_9567078_0e2b6acf6a2f",
    "ifix_url": "https://autopatchos.starrails.com/ifix/BetaLive/output_0_40d2ce0253"
  },
  "OSBETAWin3.1.51": {
    "asset_bundle_url": "https://autopatchos.starrails.com/asb/BetaLive/output_9573347_b03981f01966",
    "ex_resource_url": "https://autopatchos.starrails.com/design_data/BetaLive/output_9574749_cf833d944ab2",
    "lua_url": "https://autopatchos.starrails.com/lua/BetaLive/output_9567078_0e2b6acf6a2f",
    "ifix_url": "https://autopatchos.starrails.com/ifix/BetaLive/output_0_40d2ce0253"
  },
  "CNBETAWin3.1.52": {
	  "asset_bundle_url": "",
	  "ex_resource_url": "",
	  "lua_url": "",
	  "ifix_url": ""
  },
  "OSBETAWin3.1.52": {
	  "asset_bundle_url": "",
	  "ex_resource_url": "",
	  "lua_url": "",
	  "ifix_url": ""
  },
  "CNBETAWin3.1.53": {
	  "asset_bundle_url": "",
	  "ex_resource_url": "",
	  "lua_url": "",
	  "ifix_url": ""
  },
  "OSBETAWin3.1.53": {
	  "asset_bundle_url": "",
	  "ex_resource_url": "",
	  "lua_url": "",
	  "ifix_url": ""
  },
  "CNBETAWin3.1.54": {
	  "asset_bundle_url": "",
	  "ex_resource_url": "",
	  "lua_url": "",
	  "ifix_url": ""
  },
  "OSBETAWin3.1.54": {
	  "asset_bundle_url": "",
	  "ex_resource_url": "",
	  "lua_url": "",
	  "ifix_url": ""
  },
  "CNBETAWin3.1.55": {
	  "asset_bundle_url": "",
	  "ex_resource_url": "",
	  "lua_url": "",
	  "ifix_url": ""
  },
  "OSBETAWin3.1.55": {
	  "asset_bundle_url": "",
	  "ex_resource_url": "",
	  "lua_url": "",
	  "ifix_url": ""
  },
   "CNCECREATIONWin3.1.55": {
      "asset_bundle_url": "",
      "ex_resource_url": "",
      "lua_url": "",
      "ifix_url": ""
   },
    "OSCECREATIONWin3.1.55": {
      "asset_bundle_url": "",
      "ex_resource_url": "",
      "lua_url": "",
      "ifix_url": ""
   }
}
