{  
  "CNBETAWin3.0.51": {
    "asset_bundle_url": "https://autopatchcn.bhsr.com/asb/BetaLive/output_9191572_33717c67eee7",
    "ex_resource_url": "https://autopatchcn.bhsr.com/design_data/BetaLive/output_9201681_3b7fa40d696e",
    "lua_url": "https://autopatchcn.bhsr.com/lua/BetaLive/output_9188077_6eddb96c0602",
    "ifix_url": "https://autopatchcn.bhsr.com/ifix/BetaLive/output_0_40d2ce0253"
  },
  "OSBETAWin3.0.51": {
    "asset_bundle_url": "https://autopatchcn.bhsr.com/asb/BetaLive/output_9191572_33717c67eee7",
    "ex_resource_url": "https://autopatchcn.bhsr.com/design_data/BetaLive/output_9194543_a2c963cc027a",
    "lua_url": "https://autopatchcn.bhsr.com/lua/BetaLive/output_9188077_6eddb96c0602",
    "ifix_url": "https://autopatchcn.bhsr.com/ifix/BetaLive/output_0_40d2ce0253"
  },
  "CNBETAWin3.0.53": {
    "asset_bundle_url": "https://autopatchcn.bhsr.com/asb/BetaLive/output_9327839_3a7f8c61dd4e",
    "ex_resource_url": "https://autopatchcn.bhsr.com/design_data/BetaLive/output_9330527_430d02ffd64d",
    "lua_url": "https://autopatchcn.bhsr.com/lua/BetaLive/output_9327980_89d683a0d346",
    "ifix_url": "https://autopatchcn.bhsr.com/ifix/BetaLive/output_0_40d2ce0253"
  }
}
